{
    "difficulty": 0.0,
    "environmentColor": {
        "r": 0.0,
        "g": 0.0,
        "b": 0.0,
        "a": 0.0
    },
    "curve": {
        "serializedVersion": "2",
        "m_Curve": [
            {
                "serializedVersion": "3",
                "time": 0.0,
                "value": 0.0,
                "inSlope": 0.0,
                "outSlope": 0.0,
                "tangentMode": 0,
                "weightedMode": 0,
                "inWeight": 0.0,
                "outWeight": 0.0
            },
            {
                "serializedVersion": "3",
                "time": 0.19893547892570496,
                "value": 0.5054797530174255,
                "inSlope": 2.3259637355804445,
                "outSlope": 2.3259637355804445,
                "tangentMode": 0,
                "weightedMode": 0,
                "inWeight": 0.3333333432674408,
                "outWeight": 0.07280390709638596
            },
            {
                "serializedVersion": "3",
                "time": 0.7097523808479309,
                "value": 0.48829731345176699,
                "inSlope": 0.7024286985397339,
                "outSlope": 0.7024286985397339,
                "tangentMode": 0,
                "weightedMode": 0,
                "inWeight": 0.10541889816522598,
                "outWeight": 0.3333333432674408
            },
            {
                "serializedVersion": "3",
                "time": 1.0,
                "value": 1.0,
                "inSlope": 1.0,
                "outSlope": 1.0,
                "tangentMode": 0,
                "weightedMode": 0,
                "inWeight": 0.0,
                "outWeight": 0.0
            }
        ],
        "m_PreInfinity": 2,
        "m_PostInfinity": 2,
        "m_RotationOrder": 4
    },
    "levelValues": [
        0,
        0,
        0,
        0,
        0
    ]
}